{"initial_reset_timestamp": 1590872905.2029123, "timestamps": [1590872906.746097], "episode_lengths": [374], "episode_rewards": [10.0], "episode_types": ["t"]}